# sample_name	case	disease	experimental_strategy	sample_type	data_path	filesize	data_format	reference	UUID	system
C1230738.RNA-Seq.R1.R	C1230738	GBM	RNA-Seq	recurrent_tumor	/diskmnt/Projects/cptac/GDC_import/data/a0573c53-73bc-4841-8fb6-e5ae0bf87740/210713_UNC32-K00270_0291_AHLK5VBBXY_CGGCGTGA-GCGCCTGT_S14_L004_R1_001.fastq.gz	3719032466	FASTQ	NA	a0573c53-73bc-4841-8fb6-e5ae0bf87740	katmai
C1230738.RNA-Seq.R1.T	C1230738	GBM	RNA-Seq	tumor	/diskmnt/Projects/cptac/GDC_import/data/bcedfbaa-90dd-4081-8704-a1cb34ec9275/210811_UNC31-K00269_0301_AHLLC5BBXY_CCATTCGA-GTTGTCCG_S21_L006_R1_001.fastq.gz	3446087771	FASTQ	NA	bcedfbaa-90dd-4081-8704-a1cb34ec9275	katmai
C1230738.RNA-Seq.R2.R	C1230738	GBM	RNA-Seq	recurrent_tumor	/diskmnt/Projects/cptac/GDC_import/data/eb68c408-9b99-4474-a4aa-8e8282e65874/210713_UNC32-K00270_0291_AHLK5VBBXY_CGGCGTGA-GCGCCTGT_S14_L004_R2_001.fastq.gz	4079189731	FASTQ	NA	eb68c408-9b99-4474-a4aa-8e8282e65874	katmai
C1230738.RNA-Seq.R2.T	C1230738	GBM	RNA-Seq	tumor	/diskmnt/Projects/cptac/GDC_import/data/455058a8-b378-4ffa-9f8f-0726862855e4/210811_UNC31-K00269_0301_AHLLC5BBXY_CCATTCGA-GTTGTCCG_S21_L006_R2_001.fastq.gz	3752803777	FASTQ	NA	455058a8-b378-4ffa-9f8f-0726862855e4	katmai
C204057.RNA-Seq.R1.R	C204057	GBM	RNA-Seq	recurrent_tumor	/diskmnt/Projects/cptac/GDC_import/data/0e05465c-1a40-4992-b207-86b0751b0fed/210811_UNC31-K00269_0301_AHLLC5BBXY_GCGCTCTA-GCTCCGAC_S11_L003_R1_001.fastq.gz	3677881669	FASTQ	NA	0e05465c-1a40-4992-b207-86b0751b0fed	katmai
C204057.RNA-Seq.R1.T	C204057	GBM	RNA-Seq	tumor	/diskmnt/Projects/cptac/GDC_import/data/64bde2bf-7ccb-4c66-b3a0-8e3c9c5b2b37/210713_UNC32-K00270_0291_AHLK5VBBXY_GGACTTGG-CGCAGACG_S31_L008_R1_001.fastq.gz	3528309965	FASTQ	NA	64bde2bf-7ccb-4c66-b3a0-8e3c9c5b2b37	katmai
C204057.RNA-Seq.R2.R	C204057	GBM	RNA-Seq	recurrent_tumor	/diskmnt/Projects/cptac/GDC_import/data/68b5d360-095b-4ca6-9658-6d780328b56f/210811_UNC31-K00269_0301_AHLLC5BBXY_GCGCTCTA-GCTCCGAC_S11_L003_R2_001.fastq.gz	3967445180	FASTQ	NA	68b5d360-095b-4ca6-9658-6d780328b56f	katmai
C204057.RNA-Seq.R2.T	C204057	GBM	RNA-Seq	tumor	/diskmnt/Projects/cptac/GDC_import/data/8e892ebf-f748-4b16-b9fb-bad025c61d0b/210713_UNC32-K00270_0291_AHLK5VBBXY_GGACTTGG-CGCAGACG_S31_L008_R2_001.fastq.gz	3876277963	FASTQ	NA	8e892ebf-f748-4b16-b9fb-bad025c61d0b	katmai
C207624.RNA-Seq.R1.R	C207624	GBM	RNA-Seq	recurrent_tumor	/diskmnt/Projects/cptac/GDC_import/data/3f6a1a61-d46d-4ec0-9635-1501d10f1e92/210713_UNC32-K00270_0291_AHLK5VBBXY_CTTGGTAT-CCAAGTCC_S7_L002_R1_001.fastq.gz	3805401120	FASTQ	NA	3f6a1a61-d46d-4ec0-9635-1501d10f1e92	katmai
C207624.RNA-Seq.R1.T	C207624	GBM	RNA-Seq	tumor	/diskmnt/Projects/cptac/GDC_import/data/851d1582-47e3-4694-a4ce-54b4f0ca7865/210811_UNC31-K00269_0301_AHLLC5BBXY_TTGCCTAG-ACCACTTA_S24_L006_R1_001.fastq.gz	4159870756	FASTQ	NA	851d1582-47e3-4694-a4ce-54b4f0ca7865	katmai
C207624.RNA-Seq.R2.R	C207624	GBM	RNA-Seq	recurrent_tumor	/diskmnt/Projects/cptac/GDC_import/data/2b27d4e4-a94c-47e7-92d3-f317938b113c/210713_UNC32-K00270_0291_AHLK5VBBXY_CTTGGTAT-CCAAGTCC_S7_L002_R2_001.fastq.gz	4104689026	FASTQ	NA	2b27d4e4-a94c-47e7-92d3-f317938b113c	katmai
C207624.RNA-Seq.R2.T	C207624	GBM	RNA-Seq	tumor	/diskmnt/Projects/cptac/GDC_import/data/e3e4c767-7287-4451-9f1c-8b00cd2f8dd1/210811_UNC31-K00269_0301_AHLLC5BBXY_TTGCCTAG-ACCACTTA_S24_L006_R2_001.fastq.gz	4566212973	FASTQ	NA	e3e4c767-7287-4451-9f1c-8b00cd2f8dd1	katmai
C3N-01191.RNA-Seq.R1.A	C3N-01191	GBM	RNA-Seq	tissue_normal	/diskmnt/Projects/cptac/GDC_import/data/72c15ae7-3d7a-4f6e-ab4f-f82e92009ff4/210708_UNC32-K00270_0290_BHLLHHBBXY_TGCGAGAC-CATTGTTG_S20_L005_R1_001.fastq.gz	4292142230	FASTQ	NA	72c15ae7-3d7a-4f6e-ab4f-f82e92009ff4	katmai
C3N-01191.RNA-Seq.R2.A	C3N-01191	GBM	RNA-Seq	tissue_normal	/diskmnt/Projects/cptac/GDC_import/data/7ee179a1-f928-4601-b0a9-647dad31f4fd/210708_UNC32-K00270_0290_BHLLHHBBXY_TGCGAGAC-CATTGTTG_S20_L005_R2_001.fastq.gz	4572187365	FASTQ	NA	7ee179a1-f928-4601-b0a9-647dad31f4fd	katmai
C3N-01197.RNA-Seq.R1.A	C3N-01197	GBM	RNA-Seq	tissue_normal	/diskmnt/Projects/cptac/GDC_import/data/2a6593dd-ae6a-4b75-8cb5-144ff91626b0/210615_UNC31-K00269_0299_BHLFTYBBXY_GACGTCTT-GGTTCACC_S77_L008_R1_001.fastq.gz	3143256729	FASTQ	NA	2a6593dd-ae6a-4b75-8cb5-144ff91626b0	katmai
C3N-01197.RNA-Seq.R2.A	C3N-01197	GBM	RNA-Seq	tissue_normal	/diskmnt/Projects/cptac/GDC_import/data/3746a172-d4af-4f52-9dd9-01e6db58f3d7/210615_UNC31-K00269_0299_BHLFTYBBXY_GACGTCTT-GGTTCACC_S77_L008_R2_001.fastq.gz	3501805122	FASTQ	NA	3746a172-d4af-4f52-9dd9-01e6db58f3d7	katmai
C3N-04113.RNA-Seq.R1.T.RRNA_rk3EEVp	C3N-04113	GBM	RNA-Seq	tumor	/diskmnt/Projects/cptac/GDC_import/data/69aa2a6b-6027-49f3-8e36-3103637b7cb1/210615_UNC31-K00269_0299_BHLFTYBBXY_AGTACTCC-AACCTGTT_S75_L008_R1_001.fastq.gz	3959065989	FASTQ	NA	69aa2a6b-6027-49f3-8e36-3103637b7cb1	katmai
C3N-04113.RNA-Seq.R2.T.RRNA_rk3EEVp	C3N-04113	GBM	RNA-Seq	tumor	/diskmnt/Projects/cptac/GDC_import/data/57e66976-7cfd-4dc7-960f-61b01cf53055/210615_UNC31-K00269_0299_BHLFTYBBXY_AGTACTCC-AACCTGTT_S75_L008_R2_001.fastq.gz	4395049863	FASTQ	NA	57e66976-7cfd-4dc7-960f-61b01cf53055	katmai
C3N-04312.RNA-Seq.R1.T	C3N-04312	GBM	RNA-Seq	tumor	/diskmnt/Projects/cptac/GDC_import/data/b9ffa766-00b4-43fc-9cdd-d894a2cdce9c/200204_UNC31-K00269_0263_AHG2CJBBXY_CCAAGTCT-AAGGATGA_S5_L002_R1_001.fastq.gz	4121966646	FASTQ	NA	b9ffa766-00b4-43fc-9cdd-d894a2cdce9c	katmai
C3N-04312.RNA-Seq.R2.T	C3N-04312	GBM	RNA-Seq	tumor	/diskmnt/Projects/cptac/GDC_import/data/7db80f50-b30d-44fc-9bc6-e03eb048a892/200204_UNC31-K00269_0263_AHG2CJBBXY_CCAAGTCT-AAGGATGA_S5_L002_R2_001.fastq.gz	4900993669	FASTQ	NA	7db80f50-b30d-44fc-9bc6-e03eb048a892	katmai
C3N-05991.RNA-Seq.R1.T	C3N-05991	GBM	RNA-Seq	tumor	/diskmnt/Projects/cptac/GDC_import/data/f3fdfc5e-7311-4d86-ac76-83d954c22674/201103_UNC31-K00269_0292_AHJ772BBXY_TAATACAG-ATATTCAC_S24_L006_R1_001.fastq.gz	3791627858	FASTQ	NA	f3fdfc5e-7311-4d86-ac76-83d954c22674	katmai
C3N-05991.RNA-Seq.R2.T	C3N-05991	GBM	RNA-Seq	tumor	/diskmnt/Projects/cptac/GDC_import/data/8f4a08f1-2571-471f-9eac-c774275f33f4/201103_UNC31-K00269_0292_AHJ772BBXY_TAATACAG-ATATTCAC_S24_L006_R2_001.fastq.gz	4075268377	FASTQ	NA	8f4a08f1-2571-471f-9eac-c774275f33f4	katmai
