unique_run_id	preferred_sample_name	case_id	parent_sample_ids	sample_type	rna_raw__sample__R1__gdc_catalog_sample_name	rna_raw__sample__R2__gdc_catalog_sample_name	rna_raw__sample__R1__aliquot	rna_raw__sample__R2__aliquot	rna_raw__sample__R1__UUID	rna_raw__sample__R2__UUID	rna_raw__sample__R1__filename	rna_raw__sample__R2__filename
C3N-01191-NAT	C3N-01191-NAT	C3N-01191	C3N-01191-05	CPTAC Pro. Tissue Normal	C3N-01191.RNA-Seq.R1.A	C3N-01191.RNA-Seq.R2.A	CPT0402700010	CPT0402700010	72c15ae7-3d7a-4f6e-ab4f-f82e92009ff4	7ee179a1-f928-4601-b0a9-647dad31f4fd	210708_UNC32-K00270_0290_BHLLHHBBXY_TGCGAGAC-CATTGTTG_S20_L005_R1_001.fastq.gz	210708_UNC32-K00270_0290_BHLLHHBBXY_TGCGAGAC-CATTGTTG_S20_L005_R2_001.fastq.gz
C3N-01197-NAT	C3N-01197-NAT	C3N-01197	C3N-01197-04,-05	CPTAC Pro. Tissue Normal	C3N-01197.RNA-Seq.R1.A	C3N-01197.RNA-Seq.R2.A	CPT0402600016	CPT0402600016	2a6593dd-ae6a-4b75-8cb5-144ff91626b0	3746a172-d4af-4f52-9dd9-01e6db58f3d7	210615_UNC31-K00269_0299_BHLFTYBBXY_GACGTCTT-GGTTCACC_S77_L008_R1_001.fastq.gz	210615_UNC31-K00269_0299_BHLFTYBBXY_GACGTCTT-GGTTCACC_S77_L008_R2_001.fastq.gz
C3N-04113-TP	C3N-04113-TP	C3N-04113	C3N-04113-03	CPTAC Pro. Primary Tumor	C3N-04113.RNA-Seq.R1.T.RRNA_rk3EEVp	C3N-04113.RNA-Seq.R2.T.RRNA_rk3EEVp	CPT0285640009	CPT0285640009	69aa2a6b-6027-49f3-8e36-3103637b7cb1	57e66976-7cfd-4dc7-960f-61b01cf53055	210615_UNC31-K00269_0299_BHLFTYBBXY_AGTACTCC-AACCTGTT_S75_L008_R1_001.fastq.gz	210615_UNC31-K00269_0299_BHLFTYBBXY_AGTACTCC-AACCTGTT_S75_L008_R2_001.fastq.gz
C3N-04113-TP2	C3N-04113-TP2	C3N-04113	C3N-04113-01	CPTAC Pro. Primary Tumor	C3N-04113.RNA-Seq.R1.T.RRNA_rk3EEVp	C3N-04113.RNA-Seq.R2.T.RRNA_rk3EEVp	CPT0285640009	CPT0285640009	69aa2a6b-6027-49f3-8e36-3103637b7cb1	57e66976-7cfd-4dc7-960f-61b01cf53055	210615_UNC31-K00269_0299_BHLFTYBBXY_AGTACTCC-AACCTGTT_S75_L008_R1_001.fastq.gz	210615_UNC31-K00269_0299_BHLFTYBBXY_AGTACTCC-AACCTGTT_S75_L008_R2_001.fastq.gz
C3N-04312-TP	C3N-04312-TP	C3N-04312	C3N-04312-02	CPTAC Pro. Primary Tumor	C3N-04312.RNA-Seq.R1.T	C3N-04312.RNA-Seq.R2.T	CPT0285670009	CPT0285670009	b9ffa766-00b4-43fc-9cdd-d894a2cdce9c	7db80f50-b30d-44fc-9bc6-e03eb048a892	200204_UNC31-K00269_0263_AHG2CJBBXY_CCAAGTCT-AAGGATGA_S5_L002_R1_001.fastq.gz	200204_UNC31-K00269_0263_AHG2CJBBXY_CCAAGTCT-AAGGATGA_S5_L002_R2_001.fastq.gz
C3N-05991-TP	C3N-05991-TP	C3N-05991	C3N-05991-01	CPTAC Pro. Primary Tumor	C3N-05991.RNA-Seq.R1.T	C3N-05991.RNA-Seq.R2.T	CPT0378550009	CPT0378550009	f3fdfc5e-7311-4d86-ac76-83d954c22674	8f4a08f1-2571-471f-9eac-c774275f33f4	201103_UNC31-K00269_0292_AHJ772BBXY_TAATACAG-ATATTCAC_S24_L006_R1_001.fastq.gz	201103_UNC31-K00269_0292_AHJ772BBXY_TAATACAG-ATATTCAC_S24_L006_R2_001.fastq.gz
C1230738-TP	C1230738-TP	C1230738	7316UP-2837	CHOP Retro. Primary Tumor	C1230738.RNA-Seq.R1.T	C1230738.RNA-Seq.R2.T	7316UP-2837-1104818	7316UP-2837-1104818	bcedfbaa-90dd-4081-8704-a1cb34ec9275	455058a8-b378-4ffa-9f8f-0726862855e4	210811_UNC31-K00269_0301_AHLLC5BBXY_CCATTCGA-GTTGTCCG_S21_L006_R1_001.fastq.gz	210811_UNC31-K00269_0301_AHLLC5BBXY_CCATTCGA-GTTGTCCG_S21_L006_R2_001.fastq.gz
C1230738-TR1	C1230738-TR1	C1230738	7316UP-3741	CHOP Retro. Recurrent Tumor	C1230738.RNA-Seq.R1.R	C1230738.RNA-Seq.R2.R	7316UP-3741-1104759	7316UP-3741-1104759	a0573c53-73bc-4841-8fb6-e5ae0bf87740	eb68c408-9b99-4474-a4aa-8e8282e65874	210713_UNC32-K00270_0291_AHLK5VBBXY_CGGCGTGA-GCGCCTGT_S14_L004_R1_001.fastq.gz	210713_UNC32-K00270_0291_AHLK5VBBXY_CGGCGTGA-GCGCCTGT_S14_L004_R2_001.fastq.gz
C204057-TP	C204057-TP	C204057	7316UP-302	CHOP Retro. Primary Tumor	C204057.RNA-Seq.R1.T	C204057.RNA-Seq.R2.T	7316UP-302-1104767	7316UP-302-1104767	64bde2bf-7ccb-4c66-b3a0-8e3c9c5b2b37	8e892ebf-f748-4b16-b9fb-bad025c61d0b	210713_UNC32-K00270_0291_AHLK5VBBXY_GGACTTGG-CGCAGACG_S31_L008_R1_001.fastq.gz	210713_UNC32-K00270_0291_AHLK5VBBXY_GGACTTGG-CGCAGACG_S31_L008_R2_001.fastq.gz
C204057-TR1	C204057-TR1	C204057	7316UP-662	CHOP Retro. Recurrent Tumor	C204057.RNA-Seq.R1.R	C204057.RNA-Seq.R2.R	7316UP-662-1104774	7316UP-662-1104774	0e05465c-1a40-4992-b207-86b0751b0fed	68b5d360-095b-4ca6-9658-6d780328b56f	210811_UNC31-K00269_0301_AHLLC5BBXY_GCGCTCTA-GCTCCGAC_S11_L003_R1_001.fastq.gz	210811_UNC31-K00269_0301_AHLLC5BBXY_GCGCTCTA-GCTCCGAC_S11_L003_R2_001.fastq.gz
C207624-TP	C207624-TP	C207624	7316UP-603	CHOP Retro. Primary Tumor	C207624.RNA-Seq.R1.T	C207624.RNA-Seq.R2.T	7316UP-603-1104773	7316UP-603-1104773	851d1582-47e3-4694-a4ce-54b4f0ca7865	e3e4c767-7287-4451-9f1c-8b00cd2f8dd1	210811_UNC31-K00269_0301_AHLLC5BBXY_TTGCCTAG-ACCACTTA_S24_L006_R1_001.fastq.gz	210811_UNC31-K00269_0301_AHLLC5BBXY_TTGCCTAG-ACCACTTA_S24_L006_R2_001.fastq.gz
C207624-TR1	C207624-TR1	C207624	7316UP-961	CHOP Retro. Recurrent Tumor	C207624.RNA-Seq.R1.R	C207624.RNA-Seq.R2.R	7316UP-961-1104765	7316UP-961-1104765	3f6a1a61-d46d-4ec0-9635-1501d10f1e92	2b27d4e4-a94c-47e7-92d3-f317938b113c	210713_UNC32-K00270_0291_AHLK5VBBXY_CTTGGTAT-CCAAGTCC_S7_L002_R1_001.fastq.gz	210713_UNC32-K00270_0291_AHLK5VBBXY_CTTGGTAT-CCAAGTCC_S7_L002_R2_001.fastq.gz
